{"cameraMode":{"drawMode":0,"name":"Shaded","section":"Shading Mode"},"sceneLighting":false,"audioPlay":false,"sceneViewState":{"m_AlwaysRefresh":false,"showFog":true,"showSkybox":false,"showFlares":true,"showImageEffects":true,"showParticleSystems":true,"showVisualEffectGraphs":true,"m_FxEnabled":true},"in2DMode":false,"pivot":{"x":-0.07836157083511353,"y":0.4518200755119324,"z":-0.49330946803092959},"rotation":{"x":0.12176312506198883,"y":-0.12176309525966644,"z":0.01505284197628498,"w":0.984946608543396},"size":1.4453861713409424,"orthographic":true}